--
-- PostgreSQL database dump
--

-- Dumped from database version 17.9 (Debian 17.9-1.pgdg13+1)
-- Dumped by pg_dump version 17.0

-- Started on 2026-04-04 15:59:37

SET statement_timeout = 0;
SET lock_timeout = 0;
SET idle_in_transaction_session_timeout = 0;
SET transaction_timeout = 0;
SET client_encoding = 'UTF8';
SET standard_conforming_strings = on;
SELECT pg_catalog.set_config('search_path', '', false);
SET check_function_bodies = false;
SET xmloption = content;
SET client_min_messages = warning;
SET row_security = off;

SET default_tablespace = '';

SET default_table_access_method = heap;

--
-- TOC entry 219 (class 1259 OID 24718)
-- Name: categoria_proyecto; Type: TABLE; Schema: public; Owner: MiguelLiberCar
--

CREATE TABLE public.categoria_proyecto (
    id integer NOT NULL,
    nombre character varying(255) NOT NULL
);


ALTER TABLE public.categoria_proyecto OWNER TO "MiguelLiberCar";

--
-- TOC entry 218 (class 1259 OID 24717)
-- Name: categoria_proyecto_id_seq; Type: SEQUENCE; Schema: public; Owner: MiguelLiberCar
--

ALTER TABLE public.categoria_proyecto ALTER COLUMN id ADD GENERATED BY DEFAULT AS IDENTITY (
    SEQUENCE NAME public.categoria_proyecto_id_seq
    START WITH 1
    INCREMENT BY 1
    NO MINVALUE
    NO MAXVALUE
    CACHE 1
);


--
-- TOC entry 221 (class 1259 OID 24724)
-- Name: estado_proyecto; Type: TABLE; Schema: public; Owner: MiguelLiberCar
--

CREATE TABLE public.estado_proyecto (
    id integer NOT NULL,
    nombre character varying(255) NOT NULL
);


ALTER TABLE public.estado_proyecto OWNER TO "MiguelLiberCar";

--
-- TOC entry 220 (class 1259 OID 24723)
-- Name: estado_proyecto_id_seq; Type: SEQUENCE; Schema: public; Owner: MiguelLiberCar
--

ALTER TABLE public.estado_proyecto ALTER COLUMN id ADD GENERATED BY DEFAULT AS IDENTITY (
    SEQUENCE NAME public.estado_proyecto_id_seq
    START WITH 1
    INCREMENT BY 1
    NO MINVALUE
    NO MAXVALUE
    CACHE 1
);


--
-- TOC entry 223 (class 1259 OID 24730)
-- Name: proyecto; Type: TABLE; Schema: public; Owner: MiguelLiberCar
--

CREATE TABLE public.proyecto (
    id bigint NOT NULL,
    codigo character varying(255) NOT NULL,
    compartir boolean NOT NULL,
    descripcion character varying(255),
    fecha_fin date NOT NULL,
    fecha_inicio date NOT NULL,
    icono_url character varying(255),
    nombre character varying(255) NOT NULL,
    categoria_id integer NOT NULL,
    usuario_id bigint NOT NULL,
    estado_id integer NOT NULL
);


ALTER TABLE public.proyecto OWNER TO "MiguelLiberCar";

--
-- TOC entry 222 (class 1259 OID 24729)
-- Name: proyecto_id_seq; Type: SEQUENCE; Schema: public; Owner: MiguelLiberCar
--

ALTER TABLE public.proyecto ALTER COLUMN id ADD GENERATED BY DEFAULT AS IDENTITY (
    SEQUENCE NAME public.proyecto_id_seq
    START WITH 1
    INCREMENT BY 1
    NO MINVALUE
    NO MAXVALUE
    CACHE 1
);


--
-- TOC entry 225 (class 1259 OID 24738)
-- Name: usuario; Type: TABLE; Schema: public; Owner: MiguelLiberCar
--

CREATE TABLE public.usuario (
    id bigint NOT NULL,
    apellidos character varying(255) NOT NULL,
    cargo character varying(255),
    email character varying(255) NOT NULL,
    foto_url character varying(255),
    nombre_empresa character varying(255),
    nombres character varying(255) NOT NULL,
    password character varying(255) NOT NULL,
    telefono character varying(255)
);


ALTER TABLE public.usuario OWNER TO "MiguelLiberCar";

--
-- TOC entry 224 (class 1259 OID 24737)
-- Name: usuario_id_seq; Type: SEQUENCE; Schema: public; Owner: MiguelLiberCar
--

ALTER TABLE public.usuario ALTER COLUMN id ADD GENERATED BY DEFAULT AS IDENTITY (
    SEQUENCE NAME public.usuario_id_seq
    START WITH 1
    INCREMENT BY 1
    NO MINVALUE
    NO MAXVALUE
    CACHE 1
);


--
-- TOC entry 3445 (class 0 OID 24718)
-- Dependencies: 219
-- Data for Name: categoria_proyecto; Type: TABLE DATA; Schema: public; Owner: MiguelLiberCar
--

COPY public.categoria_proyecto (id, nombre) FROM stdin;
1	Desarrollo de Software
2	Marketing y Redes Sociales
3	Control de Calidad
4	Operaciones / Finanzas
5	Recursos Humanos
\.


--
-- TOC entry 3447 (class 0 OID 24724)
-- Dependencies: 221
-- Data for Name: estado_proyecto; Type: TABLE DATA; Schema: public; Owner: MiguelLiberCar
--

COPY public.estado_proyecto (id, nombre) FROM stdin;
1	PLANIFICACIÓN
2	EN REVISIÓN
3	EN CURSO
4	FINALIZADO
\.


--
-- TOC entry 3449 (class 0 OID 24730)
-- Dependencies: 223
-- Data for Name: proyecto; Type: TABLE DATA; Schema: public; Owner: MiguelLiberCar
--

COPY public.proyecto (id, codigo, compartir, descripcion, fecha_fin, fecha_inicio, icono_url, nombre, categoria_id, usuario_id, estado_id) FROM stdin;
1	ATA-1	t	Planificación del desarrollo de una app para almacén de productos	2026-05-03	2026-04-03	https://cdn-icons-png.flaticon.com/512/1162/1162463.png	Proyecto de app	1	1	1
3	PA-2	t	Planificación del desarrollo de una app para almacén de productos	2026-05-03	2026-04-03	https://cdn-icons-png.flaticon.com/512/1162/1162463.png	Programación de...	5	1	2
2	PA-21	t	Planificación del desarrollo de una app para almacén de productos	2026-05-03	2026-04-03	https://cdn-icons-png.flaticon.com/512/1162/1162463.png	Diseño de RR.SS.	2	1	3
4	ATA-1	t	Planificación del desarrollo de una app para almacén de productos	2026-05-03	2026-04-03	https://cdn-icons-png.flaticon.com/512/1162/1162463.png	Control de calidad	3	1	4
5	ATA-1	t	Planificación del desarrollo de una app para almacén de productos	2026-05-03	2026-04-03	https://cdn-icons-png.flaticon.com/512/1162/1162463.png	Notificaciones de...	1	1	1
6	PA-2	t	Planificación del desarrollo de una app para almacén de productos	2026-05-03	2026-04-03	https://cdn-icons-png.flaticon.com/512/1162/1162463.png	Pago de ventanilla	4	1	3
\.


--
-- TOC entry 3451 (class 0 OID 24738)
-- Dependencies: 225
-- Data for Name: usuario; Type: TABLE DATA; Schema: public; Owner: MiguelLiberCar
--

COPY public.usuario (id, apellidos, cargo, email, foto_url, nombre_empresa, nombres, password, telefono) FROM stdin;
1	Liberato Carmín	Senior CEO	miguelliberato@gmail.com		LVL Consulting	Miguel Ángel	$2a$10$8kCqeK870bYP3FLZfCbj1eppK9PnD5Dxx5foYAG07eSKqsZP.T5uG	+51 999888777
\.


--
-- TOC entry 3457 (class 0 OID 0)
-- Dependencies: 218
-- Name: categoria_proyecto_id_seq; Type: SEQUENCE SET; Schema: public; Owner: MiguelLiberCar
--

SELECT pg_catalog.setval('public.categoria_proyecto_id_seq', 5, true);


--
-- TOC entry 3458 (class 0 OID 0)
-- Dependencies: 220
-- Name: estado_proyecto_id_seq; Type: SEQUENCE SET; Schema: public; Owner: MiguelLiberCar
--

SELECT pg_catalog.setval('public.estado_proyecto_id_seq', 4, true);


--
-- TOC entry 3459 (class 0 OID 0)
-- Dependencies: 222
-- Name: proyecto_id_seq; Type: SEQUENCE SET; Schema: public; Owner: MiguelLiberCar
--

SELECT pg_catalog.setval('public.proyecto_id_seq', 6, true);


--
-- TOC entry 3460 (class 0 OID 0)
-- Dependencies: 224
-- Name: usuario_id_seq; Type: SEQUENCE SET; Schema: public; Owner: MiguelLiberCar
--

SELECT pg_catalog.setval('public.usuario_id_seq', 1, true);


--
-- TOC entry 3287 (class 2606 OID 24722)
-- Name: categoria_proyecto categoria_proyecto_pkey; Type: CONSTRAINT; Schema: public; Owner: MiguelLiberCar
--

ALTER TABLE ONLY public.categoria_proyecto
    ADD CONSTRAINT categoria_proyecto_pkey PRIMARY KEY (id);


--
-- TOC entry 3289 (class 2606 OID 24728)
-- Name: estado_proyecto estado_proyecto_pkey; Type: CONSTRAINT; Schema: public; Owner: MiguelLiberCar
--

ALTER TABLE ONLY public.estado_proyecto
    ADD CONSTRAINT estado_proyecto_pkey PRIMARY KEY (id);


--
-- TOC entry 3291 (class 2606 OID 24736)
-- Name: proyecto proyecto_pkey; Type: CONSTRAINT; Schema: public; Owner: MiguelLiberCar
--

ALTER TABLE ONLY public.proyecto
    ADD CONSTRAINT proyecto_pkey PRIMARY KEY (id);


--
-- TOC entry 3293 (class 2606 OID 24746)
-- Name: usuario uk5171l57faosmj8myawaucatdw; Type: CONSTRAINT; Schema: public; Owner: MiguelLiberCar
--

ALTER TABLE ONLY public.usuario
    ADD CONSTRAINT uk5171l57faosmj8myawaucatdw UNIQUE (email);


--
-- TOC entry 3295 (class 2606 OID 24744)
-- Name: usuario usuario_pkey; Type: CONSTRAINT; Schema: public; Owner: MiguelLiberCar
--

ALTER TABLE ONLY public.usuario
    ADD CONSTRAINT usuario_pkey PRIMARY KEY (id);


--
-- TOC entry 3296 (class 2606 OID 24752)
-- Name: proyecto fk17vylm7r5fvlumou17awt4eet; Type: FK CONSTRAINT; Schema: public; Owner: MiguelLiberCar
--

ALTER TABLE ONLY public.proyecto
    ADD CONSTRAINT fk17vylm7r5fvlumou17awt4eet FOREIGN KEY (usuario_id) REFERENCES public.usuario(id);


--
-- TOC entry 3297 (class 2606 OID 24747)
-- Name: proyecto fk96rffjnhye307hmr3d1bl9qtt; Type: FK CONSTRAINT; Schema: public; Owner: MiguelLiberCar
--

ALTER TABLE ONLY public.proyecto
    ADD CONSTRAINT fk96rffjnhye307hmr3d1bl9qtt FOREIGN KEY (categoria_id) REFERENCES public.categoria_proyecto(id);


--
-- TOC entry 3298 (class 2606 OID 24757)
-- Name: proyecto fkn1qsdoady4d0iqb2ufqcebvpp; Type: FK CONSTRAINT; Schema: public; Owner: MiguelLiberCar
--

ALTER TABLE ONLY public.proyecto
    ADD CONSTRAINT fkn1qsdoady4d0iqb2ufqcebvpp FOREIGN KEY (estado_id) REFERENCES public.estado_proyecto(id);


-- Completed on 2026-04-04 15:59:37

--
-- PostgreSQL database dump complete
--

